SET NAMES utf8; 

CREATE DATABASE `spsca` DEFAULT CHARACTER SET utf8;
USE `spsca`;

DROP TABLE IF EXISTS `bs_b_menu`;
CREATE TABLE `bs_b_menu` (
  `MenuId` char(10) NOT NULL DEFAULT '',
  `ParentId` char(10) NOT NULL DEFAULT '',
  `MenuName` char(50) NOT NULL DEFAULT '',
  `HaveSubMenu` char(1) NOT NULL DEFAULT '',
  `ImageName` char(50) DEFAULT NULL,
  `IconName` varchar(50) DEFAULT NULL,
  `LinkPage` char(100) DEFAULT NULL,
  `MenuDesc` char(200) DEFAULT NULL,
  PRIMARY KEY (`MenuId`)
) ENGINE=MyISAM DEFAULT CHARSET=utf8;

LOCK TABLES `bs_b_menu` WRITE;
INSERT INTO `bs_b_menu` VALUES ('01','00','系统管理','1','','','',''),('0101','01','用户管理','0','','','system/user.htm',''),('0102','01','角色管理','0','','','system/role.htm',''),('0103','01','菜单管理','0','','','system/menu.htm',''),('0104','01','Servlet管理','0','','','system/servlet.htm',''),('0105','01','用户角色','0','','','system/userrole.htm',''),('0106','01','菜单操作','0','','','system/menuservlet.htm',''),('0107','01','权限控制','0','','','system/access.htm',''),('0108','01','操作日志','0','',NULL,'system/actionlog.htm',''),('02','00','证书管理','1','',NULL,'',''),('0201','02','证书管理','0','',NULL,'ca/cert.htm',''),('0202','02','接口IP限制','0','',NULL,'ca/iplist.htm',''),('0203','02','厂商证书管理','0','',NULL,'ca/mf_cert.htm',''),('0204','02','证书系统初始化','0','',NULL,'ca/init.htm','');
UNLOCK TABLES;

DROP TABLE IF EXISTS `bs_b_role`;
CREATE TABLE `bs_b_role` (
  `RoleName` varchar(20) NOT NULL DEFAULT '',
  `RoleDesc` varchar(100) DEFAULT NULL,
  PRIMARY KEY (`RoleName`)
) ENGINE=MyISAM DEFAULT CHARSET=utf8;

LOCK TABLES `bs_b_role` WRITE;
INSERT INTO `bs_b_role` VALUES ('admin','管理员');
UNLOCK TABLES;

DROP TABLE IF EXISTS `bs_b_servlet`;
CREATE TABLE `bs_b_servlet` (
  `ServletId` int(11) NOT NULL AUTO_INCREMENT,
  `ServletName` varchar(20) NOT NULL DEFAULT '',
  `OperateName` varchar(20) NOT NULL DEFAULT '0',
  `Package` varchar(100) NOT NULL DEFAULT '00',
  `ServletClass` varchar(100) NOT NULL DEFAULT '',
  `ServletDesc` varchar(200) DEFAULT NULL,
  `LogOut` char(1) NOT NULL DEFAULT '0',
  PRIMARY KEY (`ServletId`,`ServletName`(1))
) ENGINE=MyISAM AUTO_INCREMENT=67 DEFAULT CHARSET=utf8;

LOCK TABLES `bs_b_servlet` WRITE;
INSERT INTO `bs_b_servlet` VALUES (1,'login.do','登录','system.user','org.jwdf.framework.actions.user.SystemLogin','','1'),(2,'AddUser.do','添加系统用户','system.user','org.jwdf.framework.actions.user.AddUser','','2'),(3,'GetUserInfo.do','0','system.user','org.jwdf.framework.actions.user.GetUserInfo',NULL,'0'),(4,'GetSubUser.do','0','system.user','org.jwdf.framework.actions.user.GetSubUser','','0'),(5,'DeleteUser.do','0','system.user','org.jwdf.framework.actions.user.DeleteUser',NULL,'0'),(6,'ClearPassword.do','0','system.user','org.jwdf.framework.actions.user.ClearPassword',NULL,'0'),(7,'GetSubServlet.do','0','system.servlet','org.jwdf.framework.actions.servlet.GetSubServlet',NULL,'0'),(8,'AddServlet.do','0','system.servlet','org.jwdf.framework.actions.servlet.AddServlet',NULL,'0'),(9,'UpdateServlet.do','0','system.servlet','org.jwdf.framework.actions.servlet.UpdateServlet',NULL,'0'),(10,'DeleteServlet.do','0','system.servlet','org.jwdf.framework.actions.servlet.DeleteServlet',NULL,'0'),(11,'GetServletInfo.do','0','system.servlet','org.jwdf.framework.actions.servlet.GetServletInfo',NULL,'0'),(13,'GetSubMenuList.do','0','system.menu','org.jwdf.framework.actions.menu.GetSubMenuList',NULL,'0'),(14,'GetMenuInfo.do','0','system.menu','org.jwdf.framework.actions.menu.GetMenuInfo',NULL,'0'),(15,'AddMenu.do','0','system.menu','org.jwdf.framework.actions.menu.AddMenu',NULL,'0'),(16,'UpdateMenu.do','0','system.menu','org.jwdf.framework.actions.menu.UpdateMenu',NULL,'0'),(17,'DeleteMenu.do','0','system.menu','org.jwdf.framework.actions.menu.DeleteMenu',NULL,'0'),(18,'GetSystemMenu.do','0','system.menu','org.jwdf.framework.actions.menu.GetSystemMenu',NULL,'0'),(19,'GetUserSubMenu.do','0','system.access','org.jwdf.framework.actions.access.GetUserSubMenu',NULL,'0'),(20,'logout.do','退出','system.user','org.jwdf.framework.actions.user.SystemLogout','','1'),(21,'AddRole.do','0','system.role','org.jwdf.framework.actions.role.AddRole',NULL,'0'),(22,'UpdateRole.do','0','system.role','org.jwdf.framework.actions.role.UpdateRole',NULL,'0'),(23,'DeleteRole.do','0','system.role','org.jwdf.framework.actions.role.DeleteRole',NULL,'0'),(24,'GetRoleInfo.do','0','system.role','org.jwdf.framework.actions.role.GetRoleInfo',NULL,'0'),(25,'GetRoleList.do','0','system.role','org.jwdf.framework.actions.role.GetRoleList',NULL,'0'),(28,'UpdateUser.do','修改用户','system.user','org.jwdf.framework.actions.user.UpdateUser','','0'),(29,'GetAllRoles.do','读取所有角色','system.role','org.jwdf.framework.actions.role.GetAllRoles','','0'),(30,'GetUserRoles.do','读取用户角色','system.userrole','org.jwdf.framework.actions.userrole.GetUserRoles','','0'),(31,'GetRoleUsers.do','读取角色用户','system.userrole','org.jwdf.framework.actions.userrole.GetRoleUsers','','0'),(32,'AddUserRole.do','添加用户角色','system.userrole','org.jwdf.framework.actions.userrole.AddUserRole','','0'),(33,'DeleteUserRole.do','删除用户角色','system.userrole','org.jwdf.framework.actions.userrole.DeleteUserRole','','0'),(34,'GetMenuServlets.do','读取菜单操作','system.menuservlet','org.jwdf.framework.actions.menuservlet.GetMenuServlets','','0'),(35,'AddMenuServlet.do','添加菜单操作','system.menuservlet','org.jwdf.framework.actions.menuservlet.AddMenuServlet','','0'),(36,'DeleteMenuServlet.do','删除菜单操作','system.menuservlet','org.jwdf.framework.actions.menuservlet.DeleteMenuServlet','','0'),(37,'GetAccSubMenu.do','读取权限子菜单','system.access','org.jwdf.framework.actions.access.GetAccSubMenu','','0'),(38,'AddMenuAcc.do','添加菜单权限','system.access','org.jwdf.framework.actions.access.AddMenuAcc','','0'),(39,'DeleteMenuAcc.do','删除菜单权限','system.access','org.jwdf.framework.actions.access.DeleteMenuAcc','','0'),(40,'AddServletAcc.do','添加操作权限','system.access','org.jwdf.framework.actions.access.AddServletAcc','','0'),(41,'DeleteServletAcc.do','删除操作权限','system.access','org.jwdf.framework.actions.access.DeleteServletAcc','','0'),(42,'GetAccServlet.do','读取操作权限','system.access','org.jwdf.framework.actions.access.GetAccServlet','','0'),(43,'GetLoginInfo.do','取登录信息','system.user','org.jwdf.framework.actions.user.GetLoginInfo','','0'),(47,'UpdatePassword.do','修改密码','system.user','org.jwdf.framework.actions.user.UpdatePassword','','0'),(48,'GetActionLogInfo.do','取操作日志信息','system.actionlog','org.jwdf.framework.actions.actionlog.GetActionLogInfo','','0'),(49,'GetActionLogList.do','取操作日志','system.actionlog','org.jwdf.framework.actions.actionlog.GetActionLogList','','0'),(50,'AddCert.do','生成新证书','ca.cert','com.vogins.sps.ca.action.cert.AddCert','','2'),(51,'UpdateCert.do','修改证书','ca.cert','com.vogins.sps.ca.action.cert.UpdateCert','','2'),(52,'DeleteCert.do','停用证书','ca.cert','com.vogins.sps.ca.action.cert.DeleteCert','','2'),(53,'GetCertInfo.do','取证书信息','ca.cert','com.vogins.sps.ca.action.cert.GetCertInfo','','0'),(54,'GetCertList.do','取证书列表','ca.cert','com.vogins.sps.ca.action.cert.GetCertList','','0'),(55,'UpdateIPLimit.do','修改接口IP限制','ca.iplimit','com.vogins.sps.ca.action.iplimit.UpdateIPLimit','','2'),(56,'GetIPList.do','取接口IP限制列表','ca.iplimit','com.vogins.sps.ca.action.iplimit.GetIPList','','0'),(57,'GetIPLimitInfo.do','取接口IP限制信息','ca.iplimit','com.vogins.sps.ca.action.iplimit.GetIPLimitInfo','','0'),(62,'GetMFList.do','取厂商列表','dataapi','com.vogins.sps.ca.dataapi.GetMFList','','0'),(63,'GetCountryList.do','取国家/地区列表','dataapi','com.vogins.sps.ca.dataapi.GetCountryList','','0'),(64,'GetMFCertList.do','取厂商证书列表','ca.cert','com.vogins.sps.ca.action.cert.GetMFCertList','','0'),(65,'AddMFCert.do','添加厂商证书','ca.cert','com.vogins.sps.ca.action.cert.AddMFCert','','0'),(66,'InitCA.do','证书初始化','ca.cert','com.vogins.sps.ca.action.cert.InitCA','','0');
UNLOCK TABLES;

DROP TABLE IF EXISTS `bs_b_user`;
CREATE TABLE `bs_b_user` (
  `UserId` int(11) NOT NULL AUTO_INCREMENT,
  `UserName` varchar(50) NOT NULL DEFAULT '',
  `NickName` varchar(50) NOT NULL DEFAULT '',
  `LoginPassword` varchar(50) NOT NULL DEFAULT '',
  `GroupName` varchar(50) DEFAULT '00',
  `UserStatus` char(1) NOT NULL DEFAULT '0',
  `AddUser` varchar(50) NOT NULL DEFAULT '',
  `RegTime` datetime NOT NULL DEFAULT '0000-00-00 00:00:00',
  `ActionTime` datetime NOT NULL DEFAULT '0000-00-00 00:00:00',
  PRIMARY KEY (`UserId`,`UserName`(1))
) ENGINE=MyISAM AUTO_INCREMENT=34 DEFAULT CHARSET=utf8;

LOCK TABLES `bs_b_user` WRITE;
INSERT INTO `bs_b_user` VALUES (1,'admin','测试','202CB962AC59075B964B07152D234B70','管理员','0','null','2005-11-16 13:35:11','2010-06-10 13:42:28'),(33,'camel','camel','202CB962AC59075B964B07152D234B70','管理员','0','admin','2009-07-20 03:28:54','2009-07-20 03:28:54');
UNLOCK TABLES;

DROP TABLE IF EXISTS `bs_c_filter`;
CREATE TABLE `bs_c_filter` (
  `FilterId` int(11) NOT NULL AUTO_INCREMENT,
  `FilterType` varchar(20) DEFAULT NULL,
  `FilterContent` varchar(100) DEFAULT NULL,
  `Reserve` varchar(100) DEFAULT NULL,
  PRIMARY KEY (`FilterId`)
) ENGINE=MyISAM AUTO_INCREMENT=18 DEFAULT CHARSET=utf8;

LOCK TABLES `bs_c_filter` WRITE;
INSERT INTO `bs_c_filter` VALUES (1,'login','login.htm',''),(2,'login','login.do',''),(3,'login','timeout.htm',''),(4,'access','login.htm',''),(5,'access','login.do',''),(6,'access','getusersubmenu.do',''),(7,'access','updatepassword.do',''),(8,'access','getlogininfo.do',''),(9,'access','logout.do','');
UNLOCK TABLES;

DROP TABLE IF EXISTS `bs_l_action`;
CREATE TABLE `bs_l_action` (
  `LogId` int(11) NOT NULL AUTO_INCREMENT,
  `ServletId` int(11) NOT NULL DEFAULT '0',
  `ServletName` varchar(20) DEFAULT NULL,
  `OperateName` varchar(20) DEFAULT NULL,
  `ExecuteTime` datetime DEFAULT NULL,
  `ExecuteUser` varchar(50) DEFAULT NULL,
  `Params` text,
  `Remark` varchar(255) DEFAULT NULL,
  PRIMARY KEY (`LogId`)
) ENGINE=MyISAM AUTO_INCREMENT=204 DEFAULT CHARSET=utf8;

DROP TABLE IF EXISTS `bs_r_menuaccess`;
CREATE TABLE `bs_r_menuaccess` (
  `MenuAccId` int(11) unsigned NOT NULL AUTO_INCREMENT,
  `Operator` varchar(50) NOT NULL DEFAULT '',
  `OperatorType` char(1) NOT NULL DEFAULT '0',
  `MenuId` varchar(10) DEFAULT NULL,
  PRIMARY KEY (`MenuAccId`)
) ENGINE=MyISAM AUTO_INCREMENT=48 DEFAULT CHARSET=utf8;

LOCK TABLES `bs_r_menuaccess` WRITE;
INSERT INTO `bs_r_menuaccess` VALUES (11,'admin','1','0104'),(12,'admin','1','01'),(22,'admin','1','0103'),(24,'admin','1','0102'),(26,'admin','1','0106'),(31,'admin','1','0105'),(35,'admin','1','0107'),(41,'admin','1','0101'),(42,'admin','1','0108'),(43,'admin','1','0201'),(44,'admin','1','02'),(45,'admin','1','0202'),(46,'admin','1','0203'),(47,'admin','1','0204');
UNLOCK TABLES;

DROP TABLE IF EXISTS `bs_r_menuservlet`;
CREATE TABLE `bs_r_menuservlet` (
  `MenuId` varchar(10) NOT NULL DEFAULT '',
  `ServletId` int(11) NOT NULL DEFAULT '0',
  PRIMARY KEY (`MenuId`,`ServletId`)
) ENGINE=MyISAM DEFAULT CHARSET=utf8;

LOCK TABLES `bs_r_menuservlet` WRITE;
INSERT INTO `bs_r_menuservlet` VALUES ('0101',2),('0101',3),('0101',4),('0101',5),('0101',6),('0101',28),('0102',21),('0102',22),('0102',23),('0102',24),('0102',25),('0102',29),('0103',13),('0103',14),('0103',15),('0103',16),('0103',17),('0104',7),('0104',8),('0104',9),('0104',10),('0104',11),('0105',4),('0105',29),('0105',30),('0105',31),('0105',32),('0105',33),('0106',34),('0106',35),('0106',36),('0107',19),('0107',37),('0107',38),('0107',39),('0107',40),('0107',41),('0107',42),('0108',48),('0108',49),('0201',50),('0201',51),('0201',52),('0201',53),('0201',54),('0201',63),('0202',55),('0202',56),('0202',57),('0203',51),('0203',52),('0203',53),('0203',62),('0203',64),('0203',65),('0204',66);
UNLOCK TABLES;

DROP TABLE IF EXISTS `bs_r_servletaccess`;
CREATE TABLE `bs_r_servletaccess` (
  `ServletAccId` int(11) unsigned NOT NULL AUTO_INCREMENT,
  `Operator` varchar(50) NOT NULL DEFAULT '',
  `OperatorType` char(1) NOT NULL DEFAULT '0',
  `ServletId` int(11) NOT NULL DEFAULT '0',
  `MenuId` varchar(10) NOT NULL DEFAULT '',
  PRIMARY KEY (`ServletAccId`)
) ENGINE=MyISAM AUTO_INCREMENT=143 DEFAULT CHARSET=utf8;

LOCK TABLES `bs_r_servletaccess` WRITE;
INSERT INTO `bs_r_servletaccess` VALUES (9,'admin','1',13,'0106'),(10,'admin','1',14,'0106'),(11,'admin','1',15,'0106'),(12,'admin','1',16,'0106'),(13,'admin','1',17,'0106'),(35,'admin','1',7,'0104'),(36,'admin','1',8,'0104'),(37,'admin','1',9,'0104'),(38,'admin','1',10,'0104'),(39,'admin','1',11,'0104'),(46,'admin','1',21,'0105'),(47,'admin','1',22,'0105'),(48,'admin','1',23,'0105'),(49,'admin','1',24,'0105'),(50,'admin','1',25,'0105'),(52,'admin','1',13,'0103'),(54,'admin','1',15,'0103'),(55,'admin','1',16,'0103'),(56,'admin','1',17,'0103'),(64,'admin','1',22,'0102'),(65,'admin','1',23,'0102'),(66,'admin','1',24,'0102'),(68,'admin','1',29,'0102'),(69,'admin','1',25,'0102'),(76,'admin','1',34,'0106'),(77,'admin','1',35,'0106'),(78,'admin','1',36,'0106'),(86,'admin','1',4,'0105'),(87,'admin','1',29,'0105'),(88,'admin','1',30,'0105'),(89,'admin','1',31,'0105'),(90,'admin','1',32,'0105'),(91,'admin','1',33,'0105'),(94,'admin','1',19,'0107'),(95,'admin','1',37,'0107'),(96,'admin','1',38,'0107'),(97,'admin','1',39,'0107'),(98,'admin','1',40,'0107'),(99,'admin','1',41,'0107'),(100,'admin','1',42,'0107'),(116,'admin','1',3,'0101'),(117,'admin','1',4,'0101'),(118,'admin','1',5,'0101'),(119,'admin','1',6,'0101'),(120,'admin','1',28,'0101'),(121,'admin','1',14,'0103'),(122,'admin','1',21,'0102'),(124,'admin','1',2,'0101'),(125,'admin','1',48,'0108'),(126,'admin','1',49,'0108'),(127,'admin','1',50,'0201'),(128,'admin','1',51,'0201'),(129,'admin','1',52,'0201'),(130,'admin','1',53,'0201'),(131,'admin','1',54,'0201'),(132,'admin','1',55,'0202'),(133,'admin','1',56,'0202'),(134,'admin','1',57,'0202'),(135,'admin','1',63,'0201'),(136,'admin','1',51,'0203'),(137,'admin','1',52,'0203'),(138,'admin','1',53,'0203'),(139,'admin','1',62,'0203'),(140,'admin','1',64,'0203'),(141,'admin','1',65,'0203'),(142,'admin','1',66,'0204');
UNLOCK TABLES;

DROP TABLE IF EXISTS `bs_r_userrole`;
CREATE TABLE `bs_r_userrole` (
  `UserName` varchar(50) NOT NULL DEFAULT '',
  `RoleName` varchar(20) NOT NULL DEFAULT '',
  PRIMARY KEY (`UserName`,`RoleName`)
) ENGINE=MyISAM DEFAULT CHARSET=utf8;

LOCK TABLES `bs_r_userrole` WRITE;
INSERT INTO `bs_r_userrole` VALUES ('admin','admin');
UNLOCK TABLES;

DROP TABLE IF EXISTS `gg_p_system`;
CREATE TABLE `gg_p_system` (
  `ItemName` varchar(100) NOT NULL DEFAULT '',
  `ItemValue` varchar(200) NOT NULL DEFAULT '',
  `ItemDesc` varchar(200) DEFAULT '',
  PRIMARY KEY (`ItemName`)
) ENGINE=MyISAM DEFAULT CHARSET=utf8 ROW_FORMAT=DYNAMIC;

LOCK TABLES `gg_p_system` WRITE;
INSERT INTO `gg_p_system` VALUES ('app_id','5',''),('app_version_id','4',''),('app_black_list','20090612093646',''),('cert_public_key','20100326053659','');
UNLOCK TABLES;

DROP TABLE IF EXISTS `zs_b_cert`;
CREATE TABLE `zs_b_cert` (
  `RecId` int(11) NOT NULL AUTO_INCREMENT,
  `CertType` char(1) DEFAULT '0',
  `CountryCode` varchar(20) DEFAULT NULL,
  `MFId` int(11) DEFAULT '0',
  `CertId` varchar(10) NOT NULL DEFAULT '',
  `Modulus` text,
  `PublicExponent` text,
  `PrivateExponent` text,
  `PublicEncode` text,
  `PrivateEncode` text,
  `ReleaseTime` varchar(20) DEFAULT NULL,
  `ExpireTime` varchar(20) DEFAULT NULL,
  `GenerateTime` varchar(20) DEFAULT NULL,
  `GenerateUser` varchar(50) DEFAULT '',
  `CertStatus` char(1) DEFAULT '0',
  `Remark` varchar(200) DEFAULT NULL,
  PRIMARY KEY (`RecId`)
) ENGINE=MyISAM AUTO_INCREMENT=33 DEFAULT CHARSET=utf8 ROW_FORMAT=FIXED;

LOCK TABLES `zs_b_cert` WRITE;
INSERT INTO `zs_b_cert` VALUES (1,'0','CHN',0,'0','942B70E65F6EFC0DF67B88094744BEE6BE856794F91E78CCC8C7651589AC019EE7E02455EBCD18DF2C722AC2F4BDCDF046190E7DE550310C7AAA75553991D30F0B052FA83DC0396F9DD55D80656C700D77FDD66BEB0306F8C6B40BA95F17C272D69B17D7BC9EA24426D6781496E05C457771252AF84491144C7D235D15BBFBFCAAAB6816641A4E3D','B744A5038569398B','','70C8BF6DE717FC425FEA0E98CBD889075C1F09C5BF8B1D0B16E45AD7154E063A8E7A41E664A300F49F7352ED5FD75A1A217BF5E50E06F0366E594C69372D86DA770A3A223AB77596732132964C6E170F0D69FE82FA0A26CAE4E56CCFDD293BD566F5341BD71EC97FF0BEC91CCE2F12E6A6E2774B370B208ABBB94CEF2EA2ED8B1A7CA75C605659EC839E5E51B696EC8D9F2DB30AB12AAD491B73B51FF3BEEE8EAEDE41160F214306F2EFF51AB6F0251BD300CA8C3BCB22D1CFC32ADEABB91436','576937D083804D8966F62DDA7A39A2F1C0AD81D1065D809D0221B10150132CAB156043F1B79D522176383D2FCDAED9621AAF30A33A5D018484A58C1B1258514CC22BFBCBA86AA9AE6B12165B8E5AE8416386C5A165A9CC8669D4D30B499475AAB8E39A632B5CC397E7757EF9BBBEAF94FE57D0CE8F50827258B1F6F48E7EB21A971418E878CB069194A032527806A958A2A584A1603CE989600F92F9CE6C22ADBC9504D21331A86AADC86C7ECA14E0ADAE17217169702100C7CEC9A659F7D3DB045A6DAD08AAFE7C5FAC27B3806C3B8EF528093C81B2FA65E9BCC20156CC7696741D4343108DD61A606A75736413BFB381AD7DD3FC7A360F093D10C1DECA7745A69C7D801D8A7B79D4AF92B409E20EF190A64EDDE5160AC8306D250127BF7F3352BF06C38840C2A0FE8FB4FD090FFE38698E75C2A65385F09926F73E4B8A9A61C6152CE8BC99FA465CDB2F9924CCF79344B56120AF22A702AB377B024C96726A3093FAF6795127A7D935C2813C835FA9584D495E52E0F52927B0FA244366E5E550CEF13BFEC1710F8DD5D09676D4CECB69F972549ACDD32F5B026264359749C36B90E484FE36B26B2F287464E472B5086626C7038303B139F3AE9BC393DC98BBB83EB27C363A2C572D972AD37B8FA3764BFFA6BEF2EA07A4C9AC4D31B0174C3E7F8AE46CB7589486A07EFFB22D686ECB67740ED46D8953A6F60A9DE4647100F213E6B9782880AC9981D02CC8F21EAB57B411E905E7008A019E2D512CA6C31BE9D8683E49579C86DBA1FA9408407906B3DEA6FEA980977B301B464377EDDFE2E477DF618BF7D4C76846C3F4875E9AADA74D9DC5ACA39CB07A46DB346206EF7C51B1ADFF5731FD976529CD5E7853C7A01EF2DABAEC5978AD8D4F0134E990826C0E0C1CC21E7524B26F2837EF70095BE855798863FE0F4B830D233267CD541CF3E77E8BDA6BD38B548E17EA0D217E0F3F8EA618B6E7E1E52272','20000101000000','20301231235959','2009-08-06 13:48:37','admin','1','根证书'),(2,'0','CHN',0,'1','F16E9D084A0BCD208BEF96F493D8862E18A82A6F59E6B6D27D4B31CE4FA56C018695E2D34F822DE1A84C5FE93EE9233138A8C54732EEB2E147E338E86CE6176578F64BEC89E2659008C1CE5510B57BF02D607730C7B7A7857817899F39DC976D2E4F8157A2B13CF15B52A00157578E77BFEBD73BFD64A5B0434520D69D38122D85B7613A1EF2B078','B744A5038569398B','','70C8BF6DE717FC425FEA0E98CBD889075C1F09C5BF8B1D0B16E45AD7154E063A8E7A41E664A300F49F7352ED5FD75A1AFC40F387B484616722BC6F0A5F26B9A62C585928C422522BC5C8A04664D9D17D7865FBBF98D6BBB7B68BBB46D2B07B4913D70EEE4BB7FCA605ED61CC238E235703664D43C3C7970355BC1AA66AB8C03DAC1C855BAD0CD979AC136D4622E955A05090A9AF167936BC603DE0475981CA370855C387847F40E5D714A188F5AA83458385383557CF9C9F350713C0A633BB28','576937D083804D8966F62DDA7A39A2F1C0AD81D1065D809D0221B10150132CAB156043F1B79D522176383D2FCDAED9621AAF30A33A5D018484A58C1B1258514CC22BFBCBA86AA9AEB3707003591377B106C1BAFAB1D9DA2AF2AC7EBBCB6157DE68B0422738AB2D1008BB5E62335F9C14718BE44E92434868448B0C8A8FBB105CDB837BC30ED8A3AC5D1D6BC7BBA83C7A54F613ACAE5F227CE69E7D8CFB17BFA1C057B80FC9BACE37437AE02E45DF58B06D086EEB1014CAAB137D7AF828FC8244B719F3D80D84C48A05DA4AAE15B1B55EAC2FC08DFC8B44C89B1F5CCE3E09B94538164E8B80982E3CC03E8505BF0C98454A1DE7E8652883B0D73465E4085AF2406B559AFE720F5C7601BE4C381064189A3B290DC4F988DE40A10DD7B0AC5B94EE57FFD77C94BA93D85B69A7D6C422744177A82CEB8C60A238B51249ADE68C5F7CB96392EEBA33DA0837BD2836DC487039F07F43A309103A6DC1E99CDAE05A37A322FF62EFCF498E235DF7BC4290B30571C8D51621A5E7B23C7D0AEA7B91E574EFF4AEEDE6CC2E62BE01C3E6E77CB45DB02D54CDEAC78A83D4C12CF41C7419BEFE804789735E12D6B4E48628154A66C57D3094340B102C7C7B97552C1D317DE4F8E91C5C050B934911068D6BD4F2286CE1BEB616B3385EC122D85DC219F8C89848A1E68EBCC5243D29228FA8AA487529BD2150FEA639E110DA26CD7E379A4B3551BE4C1FD26D6031FAFE28FE1B4FE7FA20205A41C912692C579284DE3893A49CC3A343F5E9C329B6EE002AEC03EE4969387A346FAE549E0319B059A3C99A769E6B3805588A742F5923788C249DCB0BD2F0E8B6BCB4EC1932A4268BA9B8D1C7C60E731734CCADF0734BD1007A78EA1BAC2D9711BC99836AE180715041C20F5C9E093A4568C3150B5C80400A8E08FE76539A610AE8414E90FC988221014955917643D3BF0DCA40996EBFF9D95AD64C3266984D1BA719A4E82BFD','20000101000000','20301231235959','2009-08-06 13:49:22','admin','1','一号证书（开发者证书）'),(3,'0','CHN',0,'2','294E3C186BCDAA77AAC7548B4D10073B97809A25B4E4379D51C2917D93477AC6343D28FE6E08F0EFF58B1366387F8D021D0626297957A7846AAAADC2E0BBF42AAA02291D90FA9E26B426F669184A8B5D38A379BFEAB6BF9AC5BD9B598156576647E8654B41FD9B918A9DC9E5FD1575D388F445031186CF72AB604AAC5CE65969378B7464C8577A45','B744A5038569398B','','70C8BF6DE717FC425FEA0E98CBD889075C1F09C5BF8B1D0B16E45AD7154E063A8E7A41E664A300F49F7352ED5FD75A1A19C15A05527F42C5B6AC73A935DCD79CD7DCEBD104C40C7805E2BDDEE67E024ABDB22AB6E939DB3D2A81EB7A734763AEFA245F6B3F385177A3D9F2533C705BCCB0C3F5560323C148261EEA7A3424847CFAE1A50F93A8114AC64DA1CE77A297E0F6620E1BA156793A6F1F46C616640FCF51217B1BC474F1D5DD06E78ABE27D3F1FB26F400A27517EF1A0B71C3B917AFBF','41DA3B90D4BF68100D9D6D806FDB9DBF76623D5983930BE8B37B033F9701C29FE348993EFE40C47BF1FFD8CA3341E1C652DFBE95DB7FF21A511B60D44713CB3631C905F645E9FF3508FEC4A7732DECF9B246624DA34E98B5E954DE0DC3FA7099A7182C010E6A731DB682C9C443B0F3EF859BF26972D9AED245DCF300A84FF5F2244BF3E49B33535403FBE05696F7FB8752E6B37A5284AD23D74F8ABFFC34B64263375ABFF2CEC0A78F87EC667CA144AB7D7EDE6E8F16DAF4D1363F0E6C04B86003E13E5FE32C0928B15DA266D852582F58683FC1AA7B0493F4B1EA5CB866F3428ED978C6F32DD4E3A00B08FA275AFFA61398A8D1FC7CBADC072789D22A098F673F14D9BEFAAC5E31147F9D9C5814842668B3E4F0EB5CDC7798F263557B7C07E4844EBFE634B2266370BBFA4F2E9E231066D6C99FCC09889404EBEC68C7A9E0D1D6A4EFD96442E662A05B92EF30A08A6FE86F472CC4FCB2F2FC769BA7C1438AAEA399E953E36403D1DAE054A289E5E89AFB11FEBEF3EAABA57D233BE234E0C8C85AF8A8144075197DD6C7EA9BD03BEDD44B5693BDE99B17DCA50FEA43B31FBF3190F95E6BA22A132709E12EECB7E96F78BCBE55A587432B9089F14CCDCA796CD524C3F10C81573DF11047040445A9C1F9E4E00F6E1AA358B48784411DA8C09D85F83B19169B47AA08AA0FF492995754E82D8DCC10DC0A610AA18315D79DE291878A2619EE7BFA2A0054C83DDB53D8086C04D1747E311A91F942EEDAEDBD21A45D010E6297F49956282D4ADA25696A218BD5D6CEB2894A95195A3F4F49E4D05241857B435D750171057385A1FCF3C14120045CE4312810ED5993A7DBE6A286E96A30555EFCDB77162BCEC0D9A109E01059BE7B7EF38C20C2B0BF17131A29A816786772BA89692232B48FD107EFEE04FCC64ADFABCC0CE9B32075A911E5375A2B8F23575BA3C8313FA3D05F689E2515E7B72A0C3B064439DF32','20000101000000','20301231235959','2009-08-06 13:49:58','admin','1','二号证书（AppStore专用）'),(4,'0','CHN',0,'3','52DFB5E7442F88898D89D12926E4CB7BA157C21C8AEDAE3DD273AFE25D31B9E58D22FBAE75F7E3C3EB3E87DE29FDAC705BB47432DDF1412E0EB0D0C7013EE9613B0731EEF310C3071FB7AD1511C881F16CA78F1BA6C5CA5CC3E71B2689633EAB2D20B0A95B8BD28D2A98289189D162A84DFAD7E8C773C0E597428256558420313762EA4D9A11C37A','B744A5038569398B','','70C8BF6DE717FC425FEA0E98CBD889075C1F09C5BF8B1D0B16E45AD7154E063A8E7A41E664A300F49F7352ED5FD75A1ACC75DDC2991345999AC9715901580A6C656C3E1B124E7F5ABE9BDB24932AD25E9B48B869E4E8F5F3121755B902807F7FD41C3674DC9E796A5147FC1E9740EE45C4D23A7388F473B3E91E5C5C30254867AD603E664AC7E85C999BDD2FE0447E17491F515502CC9400A0A6C07F6AE171BBC904312550BAF8A3F57D56DDF1BA60C8B3692DB0F72DA8137613DA256464DADA','41DA3B90D4BF68100D9D6D806FDB9DBF76623D5983930BE8B37B033F9701C29FE348993EFE40C47BF1FFD8CA3341E1C652DFBE95DB7FF21A511B60D44713CB3631C905F645E9FF350D356192BFAE9552CCF979C69A345A85843BD46883FFAAE289F0D4314C0A32AC53638CF8FADC4973C1AD87CEE3BFD12627A2E8F3A0B136B039F893A8CC03EC1659D68A061847F4C7E71AECABC28B8244A4933146747EBC838784C5A99068431E2E3ABED2A27C99C9AA7241294AD6C854E40167EA4251DEFB0379494254CACC3702E0BBCAC21133FCD253AE3D7909DCEF3456AD58F7569BA23CB0EAC65D17F7A3DEC470D6C5EA30B1BE6F074C703301D79F493CFB89E016D1C5F1CB21372F3D30CEA716A1D7BCF563C6FE10B091EE219B4113E296E9F2CBF6C43FD5BA6AF9F99FE9D148C503EB1B4F38DE907638657D3D7BB4289840B0E11461BE9577F23B76CE3797F76C595EC63521533A72DF50FFE203BBA190370DAC897C9F5C40430CE5235841F37685FD76EDFFCE2139EAFEC46FEDD2E747B213D30B7EDBF84F130D6F90FDAFFEA92AF93113C9A516ADB731452DDC9473FA0874758D67D564EEF0EFB453118F5BEE01074C792AB7EC72710FF0E44598234DBA3E3B88E85436E917B9F4C3FB67CF5FC2603B7ACA63548C5D0645CF696741614A76E5896C02846606DA64E7C309433C8B51AEC8B40DCCC92A1A3EBC6D18B6D29A5AB3282724F1FD750D17D8C1664A635AD560FBD5BEB5F0095E936202E1C9895EB65569F8202EDFC77B3ACBAC3895281B13D71DABA7BF78AD7A554C73BEF718F5772FCC3480FB3E1B8FF588326853D9461DC5473372CAAF1114B4D5F7342189D4D5AAC34523DEF71C1E708646E8F1E5ED8BF319EBBAE5D907E599024D09084C80EA4D6219E4B8DD89BB790564C4C0F11BC159CC071F3F060102FE42AB557DC321FEF89347F490014539549261225B5AD83966F58B5AC3A7F17E1999','20000101000000','20301231235959','2009-08-06 13:50:29','admin','1','三号证书（AppStore专用）'),(5,'0','CHN',0,'4','C3169AA33F21D897AE541F0D4B8532FC5C6AD207E642258F78E124FD109F2F5BE0A2065D0CFBA53502492C8898C533235CACDB43FDFA75A21BA304EDF781BD44D1800BAE181EFEF7FD7A87C727241FC9B914CC480D231803EC8C159FBBDE91A3CD5FC6D0E4D78E3DE4E40687516C1F96F3E99CFE3BE03EAE34945B76FB058F5EBEBE4C1ADDDA6555','B744A5038569398B','','70C8BF6DE717FC425FEA0E98CBD889075C1F09C5BF8B1D0B16E45AD7154E063A8E7A41E664A300F49F7352ED5FD75A1ABFA1CF55AFD94A907A4E19927EFB75397E6A96C7ABC8284D7B4FA700908F511F333A2BAC560A8920D008AB3CB834A8B30C5541541538F2C2509B9C1FB1A2615BC2CA3CE45266A103E2FCA72BFB3F37FA470C30EC474D67E7B7F241B0741871D6A8162E2E4DA8F7F0F63DBB0793B3DEE4F78E4C409E230D6B1979C487CF404C72D20BD6908791B80B28A473958EA77436','576937D083804D8966F62DDA7A39A2F1C0AD81D1065D809D0221B10150132CAB156043F1B79D522176383D2FCDAED9621AAF30A33A5D018484A58C1B1258514CC22BFBCBA86AA9AE4B3E161D8097554F9AE2D733FD7CD903479F7D3BEA7741E8C0F0486EA81D4A3279FB8095BC251563E7580D2DCCE849272041F3F50F6B14CDA80F2B28106B3ED64FFB2F68896FF7835B89714FEAFA149099E10AF51F75DDC429634D0AD48E1778940AFA203101F9707E15DB946CAB528898F3CACDE35C58FBB4373A9609749628FAEEB34F19898B93245D23ADA7DB417353DA01756C3C29FE4603437165ABF3B7A5243BEF2CF011C53849CE947D74AA99A74D0AAD828DBD6769ECC576194245C818A9D70C8C3D139E3E8DBE3FEAAFFC99DE039E16A2A4BAF3ADE5E2156F04D8D62ACDA1EDA66E9FDAF2368145A8FC3D426A1F5ACCF26CAD037E951C446348D192F177EFEF304DADD8F43E499EE4FB103380185F2DB8FCD1F5C22DEAFAC7E648E46767D675FEFC173FC1F95B2399F7F2FF7620029A7A4EB3975D2C30DFA7E5B7B0491B34B7E28BBB161E93A225D7CF4F10C9140BE05A828B73709673036A4AA10ECF3E4F38E28759F068BD43025D79747675941E2CD9B8B076EBD95702A0963CCC480AC8582D960FD7661976FEEE5EDBDA496B35FCCB08762888FADF8AF61A46EFDE2E62EB041004DFC9C2BA863031A681E5B4ECCA7543B3E93C9B1DCDFF022E6261247EED5F3BA552A3502E45EC86E6B28E9907AE47BC4288035359C5D43A16C8ECE542E6911EEC8AF2BB6011B9D381AA9659DB2C76E39E2E0D5A92493018B4AD53D1F8379B4D7D59C872AB8476048BB6D202576539A43CE288785CB9737C1FA404F3FC513CCADB5A1B65BE3DC998FC0BC0A6BA6089F4C94F3C598D8D0CA4CFB75AAFF69AF1B2A558283F0EA2E42236AE8ABCD89F7537EC2BA6DAC1481C8FE2F6D7F96F29585D69734512F1137306A51E','20000101000000','20301231235959','2009-08-06 13:51:04','admin','1','四号证书（AppStore专用）'),(6,'0','CHN',0,'5','51865748A112E0280733A93EFE3DC7A803318230C32176C255773E6669CB3163FBCACC647F6350682F4D81EEE0C6E6F73F887B42B2A9539A951FC8E86BAF5EA29D6ED3EB5DF55F06A6FF4CE7C3627CCF34EFC5CFE0F999EC7659E682099988886993833A5DC49493F4E1BB3C652A6B2CEE815377070210B0AE36E34050FFCB690D9AD89F1DF2A219','B744A5038569398B','','70C8BF6DE717FC425FEA0E98CBD889075C1F09C5BF8B1D0B16E45AD7154E063A8E7A41E664A300F49F7352ED5FD75A1A14767B884E6C59D3817ECD63C31A9A5E9DBA11D5F1E474ED171F68AB46ADA9E6E5F1887062D96B0FB27B71CB4C1B1F0CB2E96091ACDB439658761785B93B21992BC8608D8B3B18A1FEF05F523603EFA7A515BB0390C5DAC1F5A7CA75D9C1BD08AD77E3611E5646D80E9B799E7D82FB5A91FD5F81B6619E6A77B69CCB5657CADD33D82EEB4DFCE6C18E98E0DB685EEDA8','435390D698510E87349BE9034BB94CBFE528548C0A68FAAA0D662D554E8771D5DCFAB1B492FCD0E5900A5797DFFEB52ACD92BF2B71D7CC690C517162F94A7AF17DD803D76F6286E208824EFEF6ADFA7E2F4313D020212E9EFE8CAF3F59761230037F4833CD22440256AC2871E0E9A9D2E597BF87613799823F2E92DD248A05CF7B81F218CFCDD7A8BD8FF0BB2AC18989DF2E161D4D707B17C6532018B14ECF618F43C5B827DF601E358A78534919523FAE4786CED0E2EE96C8E7968D88451C50FCA3E564AA7AB15DBB5C8645AF1FEFE996FB05635C3AB3E7208B3D14BAAC3DBA52F1D702A6E159E9BE235669E454432E33CB7BDD4BC18628F62FA6B8AFE4004791088CB1E67000380F306AFA98432CD2263620D5AEF600E94F091B6A7DB07D9D396A56D289E927F195FB4A1D1DADC4E8CCCC162934A2D34AE2E18EA9F8F7A2801BF3F20B6885317BFBBFFFAF2BD87AC6186AE6CFA0ADA04358BC6D4C3A9A868BD7674961D315B0F46DBA333FD2BC9CBB2120A377771411458E14A8D8A018EA905D20B5C2AD5D547F2272BE44BD12E05B6A835584F6132374D03F917B1814E0790272B15B7FE008DC233B27B83C8B7C7DC6448206C4B9AD28363529922D31F188330E0BAB475FEC9A09587CF30D974D186D423AC2866C2D29796EA17122822C27F385C5B3A0E6989E801D93AAAEF81E32EAC5FB41BECAF719881B02A08EC2A54571E58450A722EC8019BBD2C91198D5290CA91F6815D2EE799EFE38CBA1CE2BC7A5E9EC7C022862786960010FA35033077E6548F75AD90A0DC5137C91720F4B1E829C8301D38DCFDAD06C50ACE377A58907DADCF5BD2DB12F57F3654A560614C07806C534BE19AE71ABF8330A23C190F7BD7D4E543BA80FA4AAFCE62BE1EE7439AD95C74037F22857E22769303D26C2AB61F1ED483BD182374A7C571A8545CE6E1EA061B91BA7B0FF7241C5306FEC5110FC6B5282D441A2FF','20000101000000','20301231235959','2009-08-06 13:55:36','admin','1','五号证书'),(7,'0','CHN',0,'6','89DEFDBE507C13AAA7F7483942A3EAA1A29D3718A67E9D9D25345965762A2C79B4AE3265B7703D0BD2FC01A276453FE97CB143B05932C87A0531F305F2C7EE8C0A6B6EE4A434F555127CC72D6B124A490FC75BF12442EC1E523680B2D4ED28C786E2DDB7EB4673F8BEDCF86E49209BECB716EBE96F3FB3B51D06198BC1DE568170394F976F7DE811','B744A5038569398B','','70C8BF6DE717FC425FEA0E98CBD889075C1F09C5BF8B1D0B16E45AD7154E063A8E7A41E664A300F49F7352ED5FD75A1A8964D9A31CA7364B9C7C7A74A40E41ECB9C1D23BBFE37660D60CCB383E46E7DD778800EC710E0C9199C89617F808AEE15BCDEF67F8EAB60E18B679FBB3D15BC0705DD6EEDAAFFED7905461C744DB427D65E9D935B1FEA3E5D46310A866CF714561D114D8FD3D77BBE92AA7011DA2BBE017197FE2EE88ED10E30806A8AFC719FFE7ADC5968B8C5381C7A65238D0E4D5DA','6A3802132E9B9262C307D84B9F62992B275F253393B00A98365F396BEC9FF813A7C8FD738326D8E479E362190FA92573ED796C1687F1964E612035BA4CF4BBD6D2B815F47850CA15A7CCD2E53BEFF3C486F61456F8BF4C1C5445CD3E7FD32FE6A492803DE1D6DF1D3CD35E0770A1DBE9AC9E3A33D83E4178A2FC0EE54947B13121A9F08E94A6481F993BB1B0DAA10138CC8FC90A406377C67F93E1BE9157434E84D0DB4266250E6EB18E66BE66D6A680142783E0A359735B03A0DCE38673080EA35C853FC32F9E2408A3F7B695308C50A754ED319894D6CCF920ACD9E4B1DCF37EC6888A0B783A7B20B0CA3A161416C7D5512B3AD459D5E520A551784CD13A1365A006C700EB643777D09C38D756F1C9238996617DD912616C0A2678972926473C59122CDAFF2F2ED4B854CF342D5B7DA06AA50082535BE91AC1CE2874DD4F91FD1C37537542ED178408A30137B45A12FEE7F8FE05C61083F09F2D7B5DAD6EFCD11490F36D49057641938E571ABB07BBAE8A9AF94BF947E2CF7603B3BAD26FE78F40261904BDA08DAD8FE2C84BF12D24748491415AF24AC25FFB4BF5562D3489E4D6145AEAC9A0869C47B1F358656C41BB979B9AD8A2D25C358FF5CED57FA435AC3F0A0B8C2654A91F5546E43C7D256B5D915FCC55F9F4AA9AE816AE70E61F6FAED6D0D8B5F2BEA5982FDC1A5F85A63792C307A734E53A31C1A628D35E983C98B9D0FB320850C8EE1EC4F4C871B4AD3BF6360C4C2453F5BB40FBACDC26F827D2E97CF3BCE4131C541334B33EF2F07EF51340E885F99404E4CDBD7AB864F91A2BD4490C107678B679420733F086919BEF5E7B6BC62E5A1C53A2BA6C157D61F27E983E8C3702643198327573C9E671245D70D43588227F388ECA5BEEADCBE2020A3BBFF45594B1930784977B7F06681F851813BA96BC9B1303188D282BFE19676269FFC9774EFC8E8C3CD62F4B9D68685A','20000101000000','20301231235959','2009-08-06 13:56:01','admin','1','六号证书'),(8,'0','CHN',0,'7','2E76483CEE649099EC59B9480F82433005DF026D41456AF7AC4B67477ACB07F21845D298CFEFF5C16330BECDA6FDF935926E3161F1D4B6CD0F355B3948F01568FDD0CC152A74E205FCB4695A31B7B90845E327F18BEDCF6DA88BABFBD56026FE8425BE818E45BA725DE019576311BDD013C2CDFA7D11C975759610974320920E4A3E4A30600428FD','B744A5038569398B','','70C8BF6DE717FC425FEA0E98CBD889075C1F09C5BF8B1D0B16E45AD7154E063A8E7A41E664A300F49F7352ED5FD75A1A88508DB7D951411E20E040822948E4F9BEC03F547FC1DA7157EE3AC2FBC5056F1FCE20CDD47D1F52E41A5D7387467E77A9A813E114D778B7D22D73773C8AE430C8562922B503FA6603A73B72FD9C403ABB60C4330CA9A438C1171FBC7ACA41274F09DFE2C1960DD39C2BCFDE571C9B746F6AE2004D6C47708BA663F7198842AE4B4FD186EA8ADB21031D984B33D12158','6A3802132E9B9262C307D84B9F62992B275F253393B00A98365F396BEC9FF813A7C8FD738326D8E479E362190FA92573ED796C1687F1964E612035BA4CF4BBD6D2B815F47850CA15DE7BBA1068F15B951C5F64AC36278DE559226C8D44901F081264E120809A0B0A28DEB05DCFEC7A4BEBE8189465F48088DA3C4DA7C2DE02A99D920EC8B77F17FE2E4C9BA2214DEB3CCFB1111F953DF6B066607E7356A81A19C99115F2DDE1C58D17D6250BEE2E4CC51EAFB6D034D932ED607117816E0A749BA3898857C79FAEAC949CCB273BAF6B6E87121961A5F90EC1E916E8A61383CABCA4BB3BDB543D4F3F319B677761B97DA00A27B233769EDF2036324E330E49742C9271507A0206EA9BDF42353AD15AFFDB623D250CA1B1DE27B9D62AE0DB2B64136F6146C9D4D22EE452BDF78F5DD79B08BB462E796AFED3D3862CD5A8209BA0DDE3234A41CA8A67B97BA9948AA940C516701A357735F26B641B7FF0525C0BA0CA03329BC23D8062A8B26EF07E96F89EFCC4FA0FB4E708156FC0475CC5928053AC6247DF5705D518E0DBCBE4AADE51F123EE95A16AD6510B2A317D09F883287344778FC397AAD8FF27D657ABA4989D22F0A61CC7CA63DED5751D2234D22FEFAD14D67511CB84B24D8A6CF450EA008976E482738C1CACE63CDA738F357920CEE07A32E17AC200D14D6447A122A3164783FF58372F277F6564486F527529D92A9FAA61878893AC97BFD54E2D130AAD801DE352FA9D9F888CAAA3BCA9EFCB208E29A74C5DEDC6063920930A628203E9FF492D38FDC01FBB1F74A24E597325539DE5D554745520597B6929326720CC88EE064EE7FC86A59C2BD4769348CA878107DBBCAA99E047F62D4F114AD53231F22FF16DEE3BC49868903DE16250AD9C5F8D483A17D2B5D21B3BF0420EC48C0D5D8A981CCB3AA55FEE4ACDD1B72E10EB717DAFD7AF050BD4E3CD045F207E952074E908D2','20000101000000','20301231235959','2009-08-06 13:56:30','admin','1','七号证书'),(9,'0','CHN',0,'8','70EE6CD82E1474BE701D975FBC3D46874D17C3A3F771FA54BA5FB85AD64DEB9F007078A98941D49E2C10F144E9358F3992D99A7E8B1FEA71E0CA95A44C0F3F0FF9F01BFB5DC22C8ED2D6132659D2F6505C7EE81B4F13B3C1CC5D2043AC751180F28C9505CF8898DDD75B0B3D9D644EC676F0010A8AE0D3CCFC91E8D512D65D6EE036AB380B070404','B744A5038569398B','','70C8BF6DE717FC425FEA0E98CBD889075C1F09C5BF8B1D0B16E45AD7154E063A8E7A41E664A300F49F7352ED5FD75A1AD161C5C85857AB3C36ED3408FA13F92E8E36CBD88370206DE0C3013543FC43B6BA4E16D59B655B1AD75B1DDF3C2FF10B26E1946F7025A32E6D1DC29CE9B3E74EC365E47FC36608900AFB3FF2177AA956B092E5315FB49B384B0AE2C1A45BA27DF1F57D1DBC57FF9429FDC0597D15E1683597CCC46091FABBBA9F25992B97E1708CD33BBC1E4FD0385FAAD2C76337E1F6','435390D698510E87349BE9034BB94CBFE528548C0A68FAAA0D662D554E8771D5DCFAB1B492FCD0E5900A5797DFFEB52ACD92BF2B71D7CC690C517162F94A7AF17DD803D76F6286E2998A63983FD499F60988D4210F26659676A6A0488FF0F7D98525B6F9230B86C2E8C5EC2136B44F91C37A04982A8EAE7EB017C11832EAFB9FEE1DFAC03F30A3BAEE1B080D036506486CABF33CBE721F4ED4FA1FDE5F0C8393194EDA3B0B5254BA2A7E575476EE9DEBF48CBBF60525F9ECD1C656292A59B218EA3D742CE7A093838C55F54DCC07C8F7605402A7B9A36ED7107ADF135693F818A709041399F8298CD9158FAD044C9424C10CFE1C2782CCC71E0E17326D4D1D09D016EEEE58109D1465F6C7280694ECFB5E313744513591367309894D9849ACCA0D9667B674BE3947F74AC3AA8A015EE21D306D2A394CB9ABBF95D96284B91AF09FF23BFD031A4B613F3A3E55910384BF3BD7446F8ED2F1FF7B2F6971B6DE9901B771EEA347C4519CB6BCAF738C730FA39B1BCD4F4CD9C0C62E2D43AD870ED4BC7734A1473DB7DA0605AE04131B5F63FBCA9AF2E0D2ABFA71D6242BB7EE57E58CCC97E5F1E5A900D243BAC97597D8DB72209A5D0F00C7FB0DA1D3D9986B7E7D1307A81D8C0D79EFD871F134C815EFA7AED226F0F006B9475CDE75F1B42911BEBA2CAAB78EB4CEBB95315298C01528A2E43AD18BAF722690FA708DA7761E6968BB3BEBA327DD68E702B36BCDF207C842B8B4822C5A2453D359317D3D2D508343B0F63D687F5A07D9608EE7385CB86A3949A756C1E4B99A2CF77A412CB1BAC7AF0ED214766DA572EDD21AD8C895292DFF43D3748B5FEDA667124E129756907275A5A1603318D046D9F674FE6466ACC18B8FF17D2E762F3A190F9F561167188111C346BACF9D2021E116EE61349E28028045449A4893EB243C037920C0BD81B22119D7722F90C1C8A80E2146DB88C76A225CC3119D484615D969','20000101000000','20301231235959','2009-08-06 13:56:58','admin','1','八号证书'),(10,'0','CHN',0,'9','D3782492BFD2FD6822FC366E86A4121DE12BE1120733928262016D80F5955B75FB303CFF786887D68A8B4A64E7111B1859F90BE9BF79CE60E28C1EFC564D524D8BCF4E4BE049DB0E484896502D5F97C81E3AFE2E99541ECDC818022EFB63F52453FD623A751F4488B54C580319E42C0203D37F7680DB5E874F4F512BF2E66B115D7AA1E220D527E4','B744A5038569398B','','70C8BF6DE717FC425FEA0E98CBD889075C1F09C5BF8B1D0B16E45AD7154E063A8E7A41E664A300F49F7352ED5FD75A1A7232A38273EF4E13A6AD14DFC3209F12841FFE091E6A130CCD804FE1FC21B31224C5E85FDF006188719C9BBDACE4FDF4AF1E5295791440CD6B0E3ACC3CA6053BDCED7EDC37A62B325215E12EC9DA8BE0BCC954097621638C1A70EE5D41C38FCC0E01CC2A06527677FD2FA9032849F8E101DE16C7D5D803ABFD148A67D69E88AF54002AF5CB1C2B32E665A6DDDBC422B9','576937D083804D8966F62DDA7A39A2F1C0AD81D1065D809D0221B10150132CAB156043F1B79D522176383D2FCDAED9621AAF30A33A5D018484A58C1B1258514CC22BFBCBA86AA9AE6DFD2E8E51FF695DEC2AEC0CAF27AD7E964F7B76D125114F510A4C7E44BC298A1217C2E5FA10D5CC68426AE7A728CF9D803591C59DF9E1461438CAB660939B756301EE4CE09B264A273E65F33AB28B3A8E025EA0F519C33B56CBC8758C49A64940D3FC41F0C3B47AC36FCD7940741747B24A45EF70F84D4074240886202EE0A5A025C5C562BE49995BE589005BA45764BD6FC32BD4C9985364DBF9FDA2ACB78FD778B9D443EE39E2677B22B7E440DB288B33EE74C981B6198DD109C2B01F0926E50AC167B12480E9B69EE5A25381E49B0342D8DC2D74A5E9FED6835855D9D55A412AE3CE0F4B9C9163EB882DB212C4AF2D4C24DC0984907C6A8BBF97B2CB56DB8E533F1A84C75DE8EA4D60532B4619BEC52624F264E698939DF3BA2284022F0641335B030D0EDC2CBE5BA6E78478C1B77C59BB481ACA1CDBC0F99C10A890233C7685B02348DB4CF6A0846B6CAC730C5607B8ABCEC65B5FA52B3CC83FA6A2EDE97B988F73602E40DBABF9ED74502EC9452FE058281D9BA6BE882EEAB62B53CB492E73A3DAD710F180E7BC5857B469155BD04CB466AA685B2CEFD75ED564C81278E29FFBEE572105A0E6A870ED325D990D0060DF67D2160E3EEA6BCCA3BCD136F73C193BFBCC4A4F6E983DB6219674791CF6F7DA31A217185617FB7B9BB6A2E7CEFE83467CAE68C0DD97C86743A2036DE1EDE11DF7C99C43A4783B48EEBB498176DC5DAEE7A8A14853A1786E55C779F3EA4D0FAC56E01E2C0EF31F5AD04D846307961318CD30864B1A8E39D4A6267B7CDFACC13EEFF62D9527D4303267B69BBEE766700B9779CC82ADB34241D4CBE1E49E1E6313768447D04E0339736E5DB36EB7E51D46026697CA4F8929654FD4BE9831','20000101000000','20301231235959','2009-08-06 13:57:27','admin','1','九号证书'),(11,'0','CHN',0,'10','BC7D569346715EBE53E46A5FF8B584E511D0672C7E508CEA0F3CFAD80EF36F69876341172C748E9F5387F836DCFFF6A5790A40500380132749655F92285D688E872CCD2308D4256C865BEF0A47E2C4A21B061F5846DE48AEA236B9B36F7BB0C9B06F8037B6A1CAE575BD077663747001C6DA2598029F878B4F8D128CAF0CBC2DEA1EDDB6D164123C','B744A5038569398B','','70C8BF6DE717FC425FEA0E98CBD889075C1F09C5BF8B1D0B16E45AD7154E063A8E7A41E664A300F49F7352ED5FD75A1A84DD3BB5E1B2EC21DAD509236D6AA26881DD4479F76A125EDEACBD9458C450895BBA06854F3DF06395B4027C5EC99AD46731F84B5932ACC514CF2109EB3C54AA54D6CD41230C8B6A5CAFF4DD9A0430C5C2413F6EAC08928366E0C5137569F440E3339143529C6D926BFA43678227B524D3A32E160E0B29EC9B6717EE88BECB8CAB32D0A66C5E2AB3FF430DAA8E4777EA','576937D083804D8966F62DDA7A39A2F1C0AD81D1065D809D0221B10150132CAB156043F1B79D522176383D2FCDAED9621AAF30A33A5D018484A58C1B1258514CC22BFBCBA86AA9AE1279FC50442D487DA4287047C2A7B8A26F321FB11ACACBFC9F70C03CEA18474220EFE6829FC1DC75187CC0B3590DBE288FDE27AF101A42034F6BF9E9C6E334167DF7556222CF94F2B401B4CEC24488EA88CB2603C522D27CE3600CDB63242412682D81E2A0BE948CE870A2B6488AC5DC54675DE372FFC7BC98A572DC4C18C97C3385B2D25B67253BD68A6DAFADC192627D452D760710439FEF21CE39754C7F0657692736CECF7682661E78BEFC63E4471882F7DA5F18106ECA20C3C0623F5F16C34E67B7526C455B455A51F87D41C98813C71D89534C603C6F99858CB647AD396FB199B69FC3F1D7732797A0DDC4D6DB5EA41B255632843C1D606E4228E0E96339DAC49E29FAB338A77FB726F35FDC79B63B8418F5C34C0E6A2035084A314037656868F3D6D1635E3AF7065F4950E6EC146C104E205410A1487F5E6C771450C3CF31D5BAFBA2C5DFD3D586E1D030713B0C6AF8450EAAB0EB6FBE1F922DE2F9B9DCBCEE359440AC2BF056D412CEF6473B3BF3E3D68EDE90583B19D6CA99FAC0A477D21BDDE14784916EB59E891350A351EA40613B2DC8A536DC83187639238A47200B17DE054D2D13C1322730148C6C5849CD6A56A312CEC2E8704CA595AB08FEB0DA58181056D351DAA923F6EE79E1090963BA105DC3016CA55BF29D432489C0863F3DD17DED701F95F0B764B875D57926F4C498703FE2FAE3590F1B8413A127F95441CD19F8015A0FFD4DCDF6E217DC7C1A9CE30B28E5135C645F3B4EBFC4D0A3AB7F1D59017C77E1C84A9DDDEDEF6353688C57456F491BE66F8F9FD96AE59C33B79C28EF03C09C12690DA3DEFB7E02CFB749621A24CA418CD8B7B1DC50D430E15582D74E79D3C86D22832050AC04F8','20000101000000','20301231235959','2009-08-06 13:57:49','admin','1','十号证书'),(12,'0','CHN',0,'11','C44AFD904474918BC3B8BB04CD9C956ABBC2CF7AD629BA278A7437A75D4C80D1D12E3EB72387CD29FC6A62FD8F0C5E93AF56A7F90AA66CC1AB7A539DA78ED53FD8AB965EDEB144DBEE33DECB5676FC0410E6AD518DAF4950D6781CD3A5D411BF64500F63EF5DA24724758A766C6DC384641BD8F62E7AA79E29E201DB53CD6449B42F17FAE6831080','B744A5038569398B','','70C8BF6DE717FC425FEA0E98CBD889075C1F09C5BF8B1D0B16E45AD7154E063A8E7A41E664A300F49F7352ED5FD75A1AFC96503462625521D5FD0E7971FAF9BC44E8CC36CF8335A4148DAD04DA0BF88228FB4F3480DC1F75AAB0A65DF6A5A21DD8B667D1F86BFA2FF4AC8273DBA9F524AFA087143D066B405434A9189BB7FB31933A7BAF844E841555511238005EEA1A8F9943805C24375E94228C9E3AE0DB22BCB38523181A5E9C8139D31DE51742366987A53C0CE9E38989B85A821BD1427E','41DA3B90D4BF68100D9D6D806FDB9DBF76623D5983930BE8B37B033F9701C29FE348993EFE40C47BF1FFD8CA3341E1C652DFBE95DB7FF21A511B60D44713CB3631C905F645E9FF3520B78D5EDDB1EEC3C035F2565730BF5A83C7801DDF33CA9C7587104104EE548C430CABCFE38102CD953659E3DDFAB5AB365C960D73F124446A36C4CF74148D5EFBABE67BE81CE63CC676A361D1EF49B6D9E551E8B72D6ACDDE7A33C69CEDA170627FF7BFCA2BE937C7306E8EBBAEE2E738B2A05904A7B98EED19F921B3E264407655723B9253615E7F1A9F6F98655E5CAC0EC5A0B13CD43A696CE78A567D9A93960CEC04F01EC11214A718ED3DD9E60C449C1A4400DA7AD294B6C21391807B1A3B5A9A714EE50B307E4044AE358037B464F7F42786B4000C3E5ABBEF4864A405F0B1BCB20F5A0B609568C8407898FB4B8A3E8596F4E86D1EB1712D0B8D49E744A80AF7DEB9A992AE75669537A1FCBA8BDE4C5C72F95820773250F8F102CA1BA0CBE1F54B71FC4CCF4D92D10B667CE6A1CE58867EEAAC6585DC90FAB2B872CE95A02B08D5592566940BF61A803117556A3BB19CDBDDC72102995E69C2FF29037234D44833650FC165A3D3D79EA5C84C467BC8ACCAB89A81A32E30D26509B0F8AA0B0AE9D852BA930EC164823017C7BFE1ECC6355C76699E42C004A3254F26CEA04F9366E13BDEC7435D58438DC19C1354DC5D10245C6A40318D03E57408A434C80714FB86A40F6E68C07BEFC64D2B38464437656801FA8C302C28AC5AC740B5C14F9DCDD88819C9CCCC1FD66C86F098D797C58AEA7BAEF491CA1134E087A7F8065F194661EE4092B8AC7DBB1E3D30F8C3F46DB9F26F9969E1B9FFFC5E68BBB9DA789A4A2C424679665B5BE946C1918AE2453C30CA4F0C164B0C1E37B02718F03D63F37CC4D2917FAB3FB60C73B7E9A792916D662729E7218ED738B25650F281374F38C98DEDA9AF7A939996D8A81C7B94','20000101000000','20301231235959','2009-08-06 13:58:22','admin','1','十一号证书'),(13,'0','CHN',0,'12','8A0045201DD04B3E1AF5611822A7E9B3B040F5F485AD8383743E138495D36863C3F53FBA0BBCAEF81E32FA50CC70EF9BFE9AF38210980778170249B5C5C155268B0637B6AD07429EAA55D79C450C7388BCEC86C425C052483AEC784FAEF6A4EEE39B8F3BC8F6D9885BE94D9C3AE11AF785508745B5980CD20123E4ED1CAEE355AB4F200F6DA339C5','B744A5038569398B','','70C8BF6DE717FC425FEA0E98CBD889075C1F09C5BF8B1D0B16E45AD7154E063A8E7A41E664A300F49F7352ED5FD75A1A71D865E5A988D5BACC2EA10072471B3E2B25EBF0147C29D4C80172842FA0ADA237FA6041DC4DE55E745D5BB80AC200F0E2D0482A67935231BC1F2B409CF3E12E1BAE6A4C59EB7FE61DB1E0455B30616B9D8FCD02DF4C1E5EFE198B475E6BD616F7E65D7C6AB95C04CEE8CEDD194428653DB3BD71F6AD08C99D345B22A131B7E6557F6EB285A87D8CDCDCB1421724E631','41DA3B90D4BF68100D9D6D806FDB9DBF76623D5983930BE8B37B033F9701C29FE348993EFE40C47BF1FFD8CA3341E1C652DFBE95DB7FF21A511B60D44713CB3631C905F645E9FF354EB043AE1286032695D96AE154477C1D808EB46523BD5131F5451E20DC93BC640982506ECF54F2404C4D60D04308BFEAF068089FF7DA8A73C144966FB2D0B267BB61CEAD383A5F8C7BB274C5D22A143569FBA2C0712636F425B368335A107ED7F0D2747F4C278A18E4B614D75781F81D17153D06F670B4ECD22B9AB76B87B79C40612F34BD3897615EDECBB406F64233EE77CFB1D5E09E955C56F1FC1682FCF753149C083BFAFADE7725DEA70AF1A795D56015B7C94F6BC7C663EF20F7774DFB2147EDFC7DA891612D921A0DCDF07A971EA03AB225793ED41FF453158EC020E840405C45ABF4D6A20D9B0175BF00B48D266D9F5686A1354DDF0A6EE8E7B53DE99F53BB71CE8EF631B40EA1273262E0BEEBC70F6B5EBB36FDB9A668DBEA018E5C5541B7752AD708425001868F27B8A5B1DF1D4914CADD8143D235CAFAB6D081F60F1C43EF040B33DA181597A6D4BD2FEEAD2CBA69FCB3BFDE73ADA955DE79CDE03FC10BECF0A217056CDDEAB0C6EE2E052BA2D6C3AFB3C1EC480C17BD554962B189D4C437CBF31A55353AF8B77AF05AA477C8E383208B7253B6E13055778B4629F051CB4B88998903F1AC43DC8C70ABF0A6E445321836CC0BDE39C7FC32CA499EE3CA2C1FD14B6878548D195336E864474488E17E4E0537C9B80B6E76CAA0D416756467BDF19BFFBAFE23F96B6DCBB419DF8ABD6895325B7D47B4BD249412B5B8D2198FB69F26663FBF25CAB8D4530CF183713A59325575FD2A492AD934A87ABC29E72065A4AF21527CA3E04D77D2A016BBD4F6074A5FC70E7781014976277AD07FDD95D8DDD859DC5018D93B36A9E32F9C194F70BFC612780F11FBF97C1934F0048CB091C9E6F006318AB3226A0F4669','20000101000000','20301231235959','2009-08-06 13:58:50','admin','1','十二号证书'),(14,'0','CHN',0,'13','E109B5D894E22117D52EB3036668DF1733A08B151FE7E0F425E62A0F64C6BB0E51D210287FF5394219810A49C987D2A479CCDF7DAE744238F9BBC1E338239BDF28416B646B960782BE52B39464670BAD9F7694951CA3D52993C88200E6622056069795AB3A988D042EFF5B0CD86EBA20CF91F98CB798D75675177D073D5D31264CB06AD505C4E153','B744A5038569398B','','70C8BF6DE717FC425FEA0E98CBD889075C1F09C5BF8B1D0B16E45AD7154E063A8E7A41E664A300F49F7352ED5FD75A1A2D54CF12CFE71B5AD83FA8DF631DF49ADA87092FCF4A215941F245062B1F1EC02CAF9504F6283A3092CFC86E730CEB3DE91AC907B95DEF9DBB88D81539786B7BDBE98EDEF2DF7E04013A618F36E682D7F3DAFAC8E8F886D83AA3E551F3CA74C73E3126262F889E6AE7C7645BCCB17EAE6CECE379DAF4E0917BBC717099B8CE6D815BF5774C245C35FDEE40D21D65057A','576937D083804D8966F62DDA7A39A2F1C0AD81D1065D809D0221B10150132CAB156043F1B79D522176383D2FCDAED9621AAF30A33A5D018484A58C1B1258514CC22BFBCBA86AA9AEB2DCBCDB682DCDF38FB4E31374D2E9121A0A4C6F33B67390A8B0BC0D329612F9742A464877BF25D40A072DDF62291FF1922FA4EF57C7D98A47D5141717B2B5409FEF45FE0DACE1F92B769596BAEACC385E68D8CA7ABC175DDB2DEEC7517C880D36E411607217DC4F4BEAAF3E8918FD3E0B6C29E173DFCB937E4D4B28E048A5C5DE7E3947E6C969338ACEFAE54783A965BDA006A37B87FF897C697C8BACE7EB2E7CE4011E70DFF8DAB1F072CE45D0D36978DA9F7C340857FBCD94A0DEEC1D358A970EE2802E79E34FB84667D8F5471991EBB26EC86C87BF97AC94159715A87093AA92C3855DCA325663001EBCAB9E9491B5FD46951010E9D2E59D07BE15149435BC5BC6CFA61999A1D673E153E12C633EF0C84BE0AB3202FC0FC69A5226C2CD88B9CF56BDA13AA0C710103108CF8E23A56DA1DE9A840EB963CD25B2BD2EC5A0BCD78E2F644A14BD6B2C75549DDD2F083E2C085CAF554814871B728B476AAA65CF60808602502144935367193FDBEA86B60398E94B078FDEEC871AA4FBD0609226BFE109879F7AE14C80F511A79991688E12226B08E1E0DB00DB95A7D1A38D04B072397918D72D3D20CC307BFB5E2BE6835010321D4F4BC519349E189507BBFB8AAFAA1D5E5BD7ADD42036BA4D5590B39179AC7E5374DC3FBB6301832E81268111ABD05B376BB1D4773F781A169AC1028FC65F6DA39431A8A38C12128ECEB02063FF8FD928CCD7CD5BF00C2490F247C180FC2BEA716C7E21DB86A61E1543D3BB659D6DCE41B13C0E1051C5E09A81E1201CEC1045F5CE20D18DDA17EAB806B4619D0340BE272DBE067FE216B8D00396EFBB0561D32930C668F8D149E913E5ED7E1EF45A951B7965296F7E000ACC0BFF1183','20000101000000','20301231235959','2009-08-06 14:00:01','admin','1','十三号证书'),(15,'0','CHN',0,'14','F71BB6C28D58A5146F480518D10092C02F0DF1694AA3EF75179365F7CC279A18AE1CC13CD060F9BD3215D26214967BE0B40E53D7AD2889D91861FB04D7C706D7126B84C2CE9FA02FD02DCBB048363ED54908553E38B9FC48CAC632845862D28A151DF7BFFDA38908735DB9B1760157F0CCC33CE82E4B52D59243CA5773C36431547F6FE42CB7DF97','B744A5038569398B','','70C8BF6DE717FC425FEA0E98CBD889075C1F09C5BF8B1D0B16E45AD7154E063A8E7A41E664A300F49F7352ED5FD75A1A3803202BE3EA3828EFCA7FF3B7326161673CEB06595416C866CBBFFA15DE678C34DBC2F3B879343E8850D8D90AAE877C3154287FEC439BE92D9EEFADC4CC241E34EEBE4492346199253868531445DAFAFA318CD1D8AEF66C8236F08677A9631F43B76100F20645C6C551A6354E5CBA9300ED0BDABBA3EDE766DE6167EA5B175739534892744305D30526FD91BF307A95','576937D083804D8966F62DDA7A39A2F1C0AD81D1065D809D0221B10150132CAB156043F1B79D522176383D2FCDAED9621AAF30A33A5D018484A58C1B1258514CC22BFBCBA86AA9AEAF13B6E5FE0285B0A84A1191DEC15D44C7D5EDA983BB67DFBE8D571CF8D174F920E79EA39E7EEC6A9A3E088D7500510784A4BEF0BE95BE51F8405F76EBED4A5DBD883A426B7D84C7CDFF3C0B768619C10A8C99B85360DA340AD4BB3127DFE1E161D0D0D1F7410B5276FE737F3F5F93170E4EA1157C3F3D634D16272DFFD0FF26CE1CDAD52ED6BE70CCA67C5E85DA06DD54EF0001A4AF0176A7078D37C4C82FA3C364BD1BD9DCFC5946D69B873D3E3ACFC2DE166FC2C998538224D00980A8033A1DE60AC2053D70C98FED4406BD476068DDBD559FA74697E8C6A2065B12F7A06F86C8485CE3FD393BB8584BE0FF2602BB5D1A18DB0E6287DDE7703D620D30DF2E92800C39F476147884DA3A53902CB4C0C941A29D44453E1FFA64CA926F1A811E74F3F0BF1B5A8E7528512B1C59309B2BC10273D5ED4B7618715744AF646DF1F34716B2D91DBF837C95CAB6736733A79247D9A729B61228A3BC8C87B2F6B26F4C135E85DDBA7EAB64D286BF71B8987F52D1BED08D7022F1DD0F6B7C4484AE6D5751D47153E29323040F8D412126B1C7C3AEE60AF4ADC0F785A4D51BFF2A68A085A0DC112148A623A171D3BAC21DAECE58BE19A56C6E87D2B41B0EB0D6D05690856AB1EEBFECF69441F12F89CA0CBE2AA3E9CD5AFEBC227BE1BB139196C40BBC82A5BAC22804AE811FCE3CBCB475C25365B5838E9829498887FEDDF66D09B9C1B4586B728F19666EC098A75A1C93B936CF877CBD06741A611594CF973795D0745C206B2F5BBCE833DC60B3EF149409CAD9059715797BBCB219F4C81B72B33469824AB70BFF0D8B8001A2B0E522C960D9C5DF6512067CBE32622918565C52636A95C346D07136C2A8E857AB32A7B3D93500','20000101000000','20301231235959','2009-08-06 14:02:11','admin','1','十四号证书'),(16,'0','CHN',0,'15','95844A40EACEFB37F7E37521D27BA83A0B93AACB396F1B7F03895615FF0232801C93CF2D682AF7CC550D68BD5E5594EFED7E38841A1A752407851A0DDD8E8321DC1E990F6187BA98ECA2286E0144FE2831C54F1F8879FBB0921AB92BE96FF4462A04C40E74DEE690402DB1B1FD1F1E212542FF086162BDC290CCD1EFA903A61C6A0E61B9482D5AC9','B744A5038569398B','','70C8BF6DE717FC425FEA0E98CBD889075C1F09C5BF8B1D0B16E45AD7154E063A8E7A41E664A300F49F7352ED5FD75A1AB67219788A150EE5EE8226041191DD825170B54E9FA73EEE65395A5D039A73D62C76E4BB6CC6BAA79D9F3B221C5FABA62786EC486C87899F9024381D683BD1F2B08504CEFBB3A75756C6DCA861C5DC3EE8592754FC631701CF36681669C05C404BB57275D90C5755AC206F440AA10DAE9D3267BD77B62688B9261EAB26BF4C645DFC5F7E3BFE2C461EA1B7EFDB932BE9','6A3802132E9B9262C307D84B9F62992B275F253393B00A98365F396BEC9FF813A7C8FD738326D8E479E362190FA92573ED796C1687F1964E612035BA4CF4BBD6D2B815F47850CA15AD2D2806A12D7B08ABF345F1B702683BA2A705853F404D51E208B81741B2B7F7F204FB0D3DA72E6EA345F37505979E55A5F5FFF0B63CD40B9E0763698E43C5A3D939C4D795404BC70472637B7E81BA72DA5B47EB5C824E4CC550DEAF88B92F3171F623F26F2CDB2B2FF0CEF7BCE1D520AC7649F083C5807C9FC69A028C46E894CED8D63B0361150777B6DD88E6393C11F6B59B0366D2EDB0EC8BFB3CCC8FBAC7E2A8262E4920CE23F7F6DB641DFDE2ADACB4AAB34D738893DCF407CD15E8FE9FE49F3B3DE2FA592A894FAF6D4ADCA4083F79B90997F5CDDD6B04B6FD7414481F23F7E4EE09D047C9177B6D69AAE580138BA188CC793BD900C10C775FFF2D87C823022296A4CB406425CC48B8590F492B578F7B71695C08ABE113292089AC0791232B9B7C993953CCD35360BB37CD4039428B7D1DE7D450E0B5CC69ADF924CD9369C60E3737BE0BB48A787D2769FE6AFD7EEDB3416971168C5E029AA667CFEC1AD2851C0567C13798C7DD30BEF24C0D11EED19407C579D0088850100B96E28279EE8885890196FB3C3ECA3AE6D5A1DCF742E9B498EB947C4E13ECD614DECAB546F2D36C0E17441FD81F3AAACB8793D29FECC7BEFDE72E71DAA1DFF87B0BF64F7CD517A9DFF79F4429F6200387776D1ABEA56BE42D188B6E5BF83360BC2418931D71A98CC358337766F463DDCE637815EF784E0025457D328A104D5368AD154BDA779F2DB9049866D7FBC62AC7517104D6E8C701BC8A6D113CC21A7914C5018171680DD9E0674D8683255FB58C491C0C640810F8F7CAE00F1BE149EDEC7EA326B17CD9F244622AD97E13CE8335379E997F2949CED96C52F75482FBCF1C4434A151F30D38611427A43D','20000101000000','20301231235959','2009-08-06 14:02:41','admin','1','十五号证书');
UNLOCK TABLES;

DROP TABLE IF EXISTS `zs_b_iplimit`;
CREATE TABLE `zs_b_iplimit` (
  `RecId` int(11) NOT NULL AUTO_INCREMENT,
  `ServletName` varchar(50) NOT NULL DEFAULT '',
  `IPList` text,
  `Remark` varchar(200) DEFAULT '',
  PRIMARY KEY (`RecId`)
) ENGINE=MyISAM AUTO_INCREMENT=7 DEFAULT CHARSET=utf8;

LOCK TABLES `zs_b_iplimit` WRITE;
INSERT INTO `zs_b_iplimit` VALUES (1,'GetPublicKey',';172.26.39.*;0:0:0:0:0:0:0:1;127.0.0.1;172.26.59.*;','获取当前开通的证书公钥列表'),(4,'GetCertVersion',';172.26.39.*;0:0:0:0:0:0:0:1;127.0.0.1;172.26.59.*;',''),(2,'EncryptData',';172.26.39.*;0:0:0:0:0:0:0:1;127.0.0.1;172.26.59.*;',''),(3,'DecryptData',';172.26.39.*;0:0:0:0:0:0:0:1;127.0.0.1;172.26.59.*;',''),(5,'HisDecryptData',';172.26.39.*;0:0:0:0:0:0:0:1;127.0.0.1;172.26.59.*;',''),(6,'SetDesKey',';172.26.39.*;0:0:0:0:0:0:0:1;127.0.0.1;172.26.59.*;','');
UNLOCK TABLES;
